Title,Slug,Collection ID,Item ID,Created On,Updated On,Published On,Cover Photo,Author,Illustrator,Publisher,Featured,Copyright Year,ISBN,Awards,Publisher Summary,Chapter/Picture,Languaging,Translator,Languages,Grade Levels,Genres,Topics,Content Standards,WIDA Standards,Translanguaging Typology,Representation,Action Link,Action Link Label
Abuela,abuela,6165b59ceb6eb980da286f0f,6165b59ceb6eb97444286f66,Mon Aug 30 2021 17:05:17 GMT+0000 (Coordinated Universal Time),Mon Aug 30 2021 17:09:44 GMT+0000 (Coordinated Universal Time),,,,,,false,,,,,,,,,,,,,,,,,
Abuelita full of life/Abuelita llena de vida,abuelita-full-of-life-abuelita-llena-de-vida,6165b59ceb6eb980da286f0f,6165b59ceb6eb98c6f286fb0,Tue Aug 10 2021 20:44:10 GMT+0000 (Coordinated Universal Time),Tue Aug 31 2021 18:42:35 GMT+0000 (Coordinated Universal Time),,https://uploads-ssl.webflow.com/60f71ede3d9e8d1b0cfcab02/61181f3d610327431a4f08d1_Abuelita%20full%20of%20life.jpg,Amy Costales,Martha Avilés,Luna Rising,true,,10: 0-87358-914-9,,Jose is not sure what to expect when his grandmother from Mexico moves in...except that he will certainly have to change his ways. What he discovers is that he doesn't mind one bit. Abuelita is full of surprises! She is full of life!,Picture Book,Interlingual,"Translation etided by Straightline Editorial Department, Inc., with a special thank you to Alicia Fontán",spanish; english,primary-k-2,fiction,,,,<p>Traditional Bilingual</p>,mexican-american,,
Alma and How She Got Her Name,alma-and-how-she-got-her-name,6165b59ceb6eb980da286f0f,6165b59ceb6eb9c0b6286faf,Tue Aug 10 2021 20:44:10 GMT+0000 (Coordinated Universal Time),Tue Sep 07 2021 00:54:16 GMT+0000 (Coordinated Universal Time),Tue Oct 12 2021 16:19:59 GMT+0000 (Coordinated Universal Time),https://uploads-ssl.webflow.com/60f71ede3d9e8d1b0cfcab02/61181efdf9bf69107af5d7f2_Alma%20and%20how%20she%20got%20her%20name.jpg,Juana Martinez-Neal,Juana Martinez-Neal,Candlewick Press,true,2018,978-0-7636-9355-8,Caldecott Honor,"If you ask her, Alma Sofia Esperanza José Pura Candela has way too many names: six! How did such a small person wind up with such a large name? Alma turns to Daddy for an answer and learns of Sofia, the grandmother who loved books and flowers; Esperanza, the great-grandmother who longed to travel; José, the grandfather who was an artist; and other namesakes, too. As she hears the story of her name, Alma starts to think it might be a perfect fit after all — and realizes that she will one day have her own story to tell. In her author-illustrator debut, Juana Martinez-Neal opens a treasure box of discovery for children who may be curious about their own origin stories or names.",Picture Book,Interlingual,,english,primary-k-2,fiction,culture,,,<p>Illustrations Only</p>,,,
Carmela Full of Wishes,carmela-full-of-wishes,6165b59ceb6eb980da286f0f,6165b59ceb6eb9cdbd286fae,Tue Aug 10 2021 20:44:11 GMT+0000 (Coordinated Universal Time),Wed Sep 15 2021 14:42:57 GMT+0000 (Coordinated Universal Time),Tue Oct 12 2021 16:19:59 GMT+0000 (Coordinated Universal Time),https://uploads-ssl.webflow.com/60f71ede3d9e8d1b0cfcab02/61181ed0c44327d1e5d057d8_carmela%20full%20of%20wishes.jpeg,Matt de la Peña,Christian Robinson,G. P. Putnam's Sons,false,2018,9780399549045,,"When Carmela wakes up on her birthday, her wish has already come true–she’s finally old enough to join her big brother as he does the family errands. Together, they travel through their neighborhood, past the crowded bus stop, the fenced-off repair shop, and the panadería, until they arrive at the Laundromat, where Carmela finds a lone dandelion growing in the pavement. But before she can blow its white fluff away, her brother tells her she has to make a wish. If only she can think of just the right wish to make . . . ",Picture Book,Interlingual,,spanish; english,primary-k-2,fiction,family,,,,,https://www.penguinrandomhouse.com/books/549616/carmela-full-of-wishes-by-matt-de-la-pena-illustrated-by-christian-robinson/,
Chef Roy Choi and the Street Food Remix,chef-roy-choi-and-the-street-food-remix,6165b59ceb6eb980da286f0f,6165b59ceb6eb9bf3d286fab,Tue Jul 20 2021 19:24:39 GMT+0000 (Coordinated Universal Time),Tue Sep 07 2021 00:54:12 GMT+0000 (Coordinated Universal Time),Tue Oct 12 2021 16:19:59 GMT+0000 (Coordinated Universal Time),https://uploads-ssl.webflow.com/60f71ede3d9e8d1b0cfcab02/60f723c237552289b1266f83_Chef%20Roy%20Choi%20and%20the%20Street%20Food%20Remix.jpg,Jacqueline Briggs Martin and June Jo Lee,Man One,Readers to Eaters,true,2017,,2018 Sibert Honor,"""Sohn maash"" is the flavors in our fingertips. It is the love and cooking talent that Korean mothers and grandmothers mix into their handmade foods. For Chef Roy Choi, food means love. It also means culture, not only of Korea where he was born, but the many cultures that make up the streets of Los Angeles, where he was raised. So remixing food from the streets, just like good music—and serving it up from a truck—is true to L.A. food culture. People smiled and talked as they waited in line. Won't you join him as he makes good food smiles?",Picture Book,Interlingual,,english; korean,primary-k-2,non-fiction; biography,food; traditions-customs,,,,korean-american,,
Como Se Llama?,como-se-llama,6165b59ceb6eb980da286f0f,6165b59ceb6eb9e262286f67,Mon Aug 30 2021 17:05:18 GMT+0000 (Coordinated Universal Time),Mon Aug 30 2021 17:43:56 GMT+0000 (Coordinated Universal Time),,,,,,false,,,,,,,,,,,,,,,,,
Dear Juno,dear-juno,6165b59ceb6eb980da286f0f,6165b59ceb6eb9feb8286fad,Tue Aug 10 2021 20:44:13 GMT+0000 (Coordinated Universal Time),Tue Sep 07 2021 00:54:19 GMT+0000 (Coordinated Universal Time),Tue Oct 12 2021 16:19:59 GMT+0000 (Coordinated Universal Time),https://uploads-ssl.webflow.com/60f71ede3d9e8d1b0cfcab02/61181e1b610327390e4eeb94_dear%20juno%20by%20soyung%20pak.jpg,Soyung Pak,Susan Kathleen Hartung,Scholastic,true,,9780439779364,,"Juno's grandmother writes in Korean, and Juno writes in drawings, but that doesn't mean they can't exchange letters. From the photo his grandmother sends him, Juno can tell that she has a new cat. From the picture he makes for her, Juno's grandmother can tell that he wants her to come for a visit. So she sends Juno a miniature plane to let him know she's on the way. This tender tale is a perfect introduction to the concept of foreign cultures and far-off lands.",Picture Book,Interlingual,,english; korean,primary-k-2,fiction,,,,,,,
Dear Primo: A Letter to My Cousin,dear-primo-a-letter-to-my-cousin,6165b59ceb6eb980da286f0f,6165b59ceb6eb92c3a286fac,Tue Aug 10 2021 20:44:13 GMT+0000 (Coordinated Universal Time),Tue Sep 07 2021 00:54:29 GMT+0000 (Coordinated Universal Time),Tue Oct 12 2021 16:19:59 GMT+0000 (Coordinated Universal Time),https://uploads-ssl.webflow.com/60f71ede3d9e8d1b0cfcab02/60f7252e86b2b2ba9a3b6f53_Dear%20Primo%20-%20A%20Letter%20to%20My%20Cousin.jpg,Duncan Tonatiuh,Duncan Tonatiuh,Abrams Books,true,2010,978-0-8109-3872-4,Pura Belpré Honor Book,"Meet Charlie and Carlitos. Charlie lives in America. Carlitos, his primo, lives in Mexico. Charlie takes the subway to school, plays basketball with his friends, and loves pizza. Carlitos rides his bicicleta to school and enjoys playing fútbol at recess, and his favorite meal is quesadillas. Their lives appear different, but do Charlie and Carlitos have more in common than it seems? Through his artwork and story, award-winning author and illustrator Duncan Tonatiuh introduces young readers to a very timely idea—that community is larger than just neighborhoods and schools.",Picture Book,Interlingual,,english; spanish,primary-k-2,fiction,family; culture; traditions-customs,"<p><strong>CCSS.ELA-LITERACY.RL.2.6</strong></p><p>Acknowledge differences in the points of view of characters, including by speaking in a different voice for each character when reading dialogue aloud.</p><p><strong>MA History and Social Science Framework</strong></p><p><strong>2.T41.</strong> Recognize the difference between physical geography and political geography.</p><p><strong>2T4.2.</strong> Explain the characteristics of a country.</p>",<p><strong>ELD-SI.K-3. Narrate</strong></p><p>Share ideas about one’s own and others’ lived experiences and previous learning</p><p>Connect stories with images and representations to add meaning Engage and adjust for audience through…</p><p>Language to address reader/listener and draw them in (It was so exciting!)</p>,<p>Comprehensive Text and Illustration Integration</p>,mexican-american,,
"Diego Rivera, His World and Ours",diego-rivera-his-world-and-ours,6165b59ceb6eb980da286f0f,6165b59ceb6eb99abf286fb9,Mon Aug 30 2021 17:05:19 GMT+0000 (Coordinated Universal Time),Fri Sep 24 2021 16:16:41 GMT+0000 (Coordinated Universal Time),Tue Oct 12 2021 16:19:59 GMT+0000 (Coordinated Universal Time),https://uploads-ssl.webflow.com/60f71ede3d9e8d1b0cfcab02/614df8607530f6b317067dfe_9780810997318_s3.jpg,Duncan Tonatiuh,,Abrams Books for Young Readers,false,2011,9780810997318,"2012 Pura Belpré Illustrator Award Winner, 2012 Tomás Rivera Mexican American Children’s Book Award","Diego Rivera, one of the most famous painters of the twentieth century, was once just a mischievous little boy who loved to draw. But this little boy would grow up to follow his passion and greatly influence the world of art. ",Picture Book,Bilingual,,spanish,primary-k-2; intermediate-3-6,biography,history; culture,,,,mexican,,
Drawn Together,drawn-together,6165b59ceb6eb980da286f0f,6165b59ceb6eb906dd286fb5,Mon Aug 30 2021 17:05:19 GMT+0000 (Coordinated Universal Time),Sat Sep 25 2021 18:25:25 GMT+0000 (Coordinated Universal Time),Tue Oct 12 2021 16:19:59 GMT+0000 (Coordinated Universal Time),https://uploads-ssl.webflow.com/60f71ede3d9e8d1b0cfcab02/6141619f3149ea2d0d101486_Drawn%20Together.jpg,Minh Le,Dan Santat,"Little, Brown Young Readers",true,2018,9781368022507,"2019 APALA Award, 2019 ALSC Notable Children's Book,. 2019 Charlotte Huck Recommended Book, 2019 ILA Notable Book for a Global Society","When a young boy visits his grandfather, their lack of a common language leads to confusion, frustration, and silence. But as they sit down to draw together, something magical happens — with a shared love of art and storytelling, the two form a bond that goes beyond words. (pub summary)",Picture Book,Interlingual,,english; thai,primary-k-2; intermediate-3-6,fiction,family,,,<p>(author is doing this - teachers can explore with students why the author is doing this)</p>,,,
Dreamers,dreamers,6165b59ceb6eb980da286f0f,6165b59ceb6eb90298286fb6,Mon Aug 30 2021 17:05:20 GMT+0000 (Coordinated Universal Time),Wed Sep 15 2021 03:03:27 GMT+0000 (Coordinated Universal Time),Tue Oct 12 2021 16:19:59 GMT+0000 (Coordinated Universal Time),https://uploads-ssl.webflow.com/60f71ede3d9e8d1b0cfcab02/6141622941288aebc491a810_Dreamers.jpg,Yuyi Morales,Yuyi Morales,Neal Porter Books,false,2018,9780823440559,"2019 Pura Belpre Illustrator Award, 2019 Boston Globe–Horn Book Honor Recipient, Tomás Rivera Mexican American Children’s Book Award","Dreamers is a celebration of making your home with the things you always carry: your resilience, your dreams, your hopes and history. It’s the story of finding your way in a new place, of navigating an unfamiliar world and finding the best parts of it. In dark times, it’s a promise that you can make better tomorrows.",Picture Book,Interlingual,,spanish; english,intermediate-3-6; primary-k-2,biography,family; relocation,,,,mexican-american; mexican,,
Drum Dream Girl,drum-dream-girl,6165b59ceb6eb980da286f0f,6165b59ceb6eb9c983286fb7,Mon Aug 30 2021 17:05:20 GMT+0000 (Coordinated Universal Time),Fri Oct 15 2021 16:54:30 GMT+0000 (Coordinated Universal Time),Fri Oct 15 2021 16:54:30 GMT+0000 (Coordinated Universal Time),https://uploads-ssl.webflow.com/60f71ede3d9e8d1b0cfcab02/614162984a4b68f471dd07d2_Figure%202%20Drum%20Dream%20Girl.jpg,Margarita Engle,Rafael Lopez,HMH Books for Young Readers,false,2015,9780544102293,"2016 Pura Belpre Illustrator Award, 2016 Notable Social Studies Trade Book for Young People","Girls cannot be drummers. Long ago on an island filled with music, no one questioned that rule—until the drum dream girl. In her city of drumbeats, she dreamed of pounding tall congas and tapping small bongós. She had to keep quiet. She had to practice in secret. But when at last her dream-bright music was heard, everyone sang and danced and decided that both girls and boys should be free to drum and dream. ",Picture Book,Interlingual,,spanish,intermediate-3-6; primary-k-2,non-fiction,culture; traditions-customs; family,,,,cuban; chinese,https://drive.google.com/file/d/0B-e2daE0hoOBTUh3S09fY2JfVkE/view?resourcekey=0-EYSBVAKM34Bn4TP0Iu5-SA,
Du Iz Tak?,du-iz-tak,6165b59ceb6eb980da286f0f,6165b59ceb6eb92bf8286f68,Mon Aug 30 2021 17:05:20 GMT+0000 (Coordinated Universal Time),Mon Aug 30 2021 17:44:17 GMT+0000 (Coordinated Universal Time),,,,,,false,,,,,,,,,,,,,,<p>entry point for discussion</p>,,,
Dumpling Soup,dumpling-soup,6165b59ceb6eb980da286f0f,6165b59ceb6eb923f5286f69,Mon Aug 30 2021 17:05:20 GMT+0000 (Coordinated Universal Time),Mon Aug 30 2021 17:45:15 GMT+0000 (Coordinated Universal Time),,,Jama Kim Rattigan,Lillian Hsu-Flanders,"Little, Brown Young Readers",false,1991,9780316730471,"Smithsonian Notable Book, Notable Children's Trade Book in Social Studies, Best Holiday Book, Horn Book Magazine","Marisa gets to help make dumplings this year to celebrate the New Year. But she worries if anyone will eat her funny-looking dumplings. Set in the Hawaiian islands, this story celebrates the joyful mix of food, customs, and languages from many cultures.",,,,,,,,,,,,,
Feathered Serpent and the Five Suns,feathered-serpent-and-the-five-suns,6165b59ceb6eb980da286f0f,6165b59ceb6eb90acf286fba,Mon Aug 30 2021 17:05:20 GMT+0000 (Coordinated Universal Time),Sat Sep 25 2021 17:15:29 GMT+0000 (Coordinated Universal Time),Tue Oct 12 2021 16:19:59 GMT+0000 (Coordinated Universal Time),https://uploads-ssl.webflow.com/60f71ede3d9e8d1b0cfcab02/614dfa99fd18b84d5efd67b4_Feathered%20Serpent.jpg,Duncan Tonatiuh,Duncan Tonatiuh,Abrams Books for Young Readers,false,2020,9781419746772,2021 Tomás Rivera Mexican American Children’s Book Award,"Long ago, the gods of Mesoamerica set out to create humans. They tried many times during each sun, or age. When all their attempts failed and the gods grew tired, only one did not give up: Quetzalcóatl—the Feathered Serpent. To continue, he first had to retrieve the sacred bones of creation guarded by Mictlantecuhtli, lord of the underworld. Gathering his staff, shield, cloak, and shell ornament for good luck, Feathered Serpent embarked on the dangerous quest to create humankind. (pub summary)",Picture Book,Interlingual,,spanish; nahuatl,intermediate-3-6; primary-k-2,traditional-tale-folklore,history; culture; folk-tales-fables,,,<p>Concurrent Translation</p>,mexican,https://www.scribd.com/document/497290468/Feathered-Serpent-and-the-Five-Suns-Teaching-Guide,Teaching Guide
Fiesta Babies,fiesta-babies,6165b59ceb6eb980da286f0f,6165b59ceb6eb90cd3286f6a,Mon Aug 30 2021 17:05:20 GMT+0000 (Coordinated Universal Time),Mon Aug 30 2021 17:45:04 GMT+0000 (Coordinated Universal Time),,,Carmen Tafolla,Amy Cordova,Tricycle Press,false,2010,978-1582463193,,"Join in the lastest fun from a Pura Belpré Honor-winning team. These Fiesta Babies dance, march on parade, and sing along to mariachi songs in their spirited celebration of fiestas. From piñatas to flower coronas, little ones are introduced to the many coloful aspects of an important and lively Latino cultural tradition.",,,,,,,,,,,,,
Fire! Fuego! Brave Bomberos,fire-fuego-brave-bomberos,6165b59ceb6eb980da286f0f,6165b59ceb6eb9f40a286f6b,Mon Aug 30 2021 17:05:21 GMT+0000 (Coordinated Universal Time),Mon Aug 30 2021 17:45:01 GMT+0000 (Coordinated Universal Time),,,,,,false,,,,,,,,,,,,,,,,,
From North to South/Del Norte al Sur,from-north-to-south-del-norte-al-sur,6165b59ceb6eb980da286f0f,6165b59ceb6eb97635286f6c,Mon Aug 30 2021 17:05:21 GMT+0000 (Coordinated Universal Time),Mon Aug 30 2021 17:44:58 GMT+0000 (Coordinated Universal Time),,,René Colato Laínez,Joe Cepeda,Lee & Low Books,true,2010,978-0-89239-304-6,"Texas Star Reading List, Commended List Américas Book Award, International Latino Book Award, Junior Library Guild Selection","Near the border, the cars began to move very slowly. “Papá, go fast. I want to see Mamá,” I said. José loves helping Mamá in the garden outside their home in California. But when Mamá is sent back to Mexico for not having proper papers, José and his Papá face an uncertain future. What will it be like to visit Mamá in Tijuana? When will Mamá be able to come home? Award-winning children’s book author René Colato Laínez tackles the difficult and timely subject of family separation with exquisite tenderness. René is donating a portion of his royalties to El Centro Madre Assunta, a refuge for women and children who are waiting to be reunited with their families up north. Joe Cepeda’s bright and engaging illustrations bring this story of hope to vivid life.",,,,,,fiction,,,,<p>Bilingual with Other Language in the English Side Text</p>,,https://www.leeandlow.com/books/from-north-to-south-del-norte-al-sur,Publisher Guide
Funny Bones,funny-bones,6165b59ceb6eb980da286f0f,6165b59ceb6eb90dd8286fbb,Mon Aug 30 2021 17:05:21 GMT+0000 (Coordinated Universal Time),Fri Sep 24 2021 16:33:13 GMT+0000 (Coordinated Universal Time),Tue Oct 12 2021 16:19:59 GMT+0000 (Coordinated Universal Time),https://uploads-ssl.webflow.com/60f71ede3d9e8d1b0cfcab02/614dfc30efca498549984bb8_Funny%2BBones.jpeg,Duncan Tonatiuh,,Abrams Books for Young Readers,false,2015,9781419716478,"2016 Sibert Award Winner, 2016 Pura Belpré Illustrator Honor, 2016 Tomás Rivera Mexican American Children’s Book Award"," Funny Bones tells the story of how calaveras came to be. The amusing figures are the creation of Mexican artist José Guadalupe (Lupe) Posada (1852–1913). Lupe learned the art of printing at a young age and soon had his own shop. In a country that was not known for freedom of speech, he drew political cartoons, much to the amusement of the local population but not that of the politicians. He continued to draw cartoons, but he is best known today for his calavera drawings. They have become synonymous with Mexico’s Día de Muertos festival. Calaveras are skeletons performing all sorts of activities, both everyday and festive: dancing in the streets, playing instruments in a band, pedaling bicycles, promenading in the park, and even sweeping the sidewalks. They are not intended to be frightening, but rather to celebrate the joy of living as well as provide humorous observations about people. ",Picture Book,Interlingual,,spanish,intermediate-3-6; primary-k-2,biography,,,,<p>Concurrent Translation</p>,mexican,https://www.abramsbooks.com/product/funny-bones_9781419716478/,Teaching Guides
Grandfather Counts,grandfather-counts,6165b59ceb6eb980da286f0f,6165b59ceb6eb977c4286f6d,Mon Aug 30 2021 17:05:22 GMT+0000 (Coordinated Universal Time),Mon Aug 30 2021 17:44:50 GMT+0000 (Coordinated Universal Time),,,Andrea Cheng,Ange Zhang,Lee & Low Books,false,2000,9781584300106,"2001 , Honor, Language Arts Picture Book, Society of School Librarians International Book Awards","Gong Gong (Grandfather) is coming from China to live with Helen's family. Helen is excited, but anxious. How will she and her siblings, who know only English, communicate with Gong Gong, who speaks only Chinese?",,,,,,,,,,,,,
Hairs/Pelitos,hairs-pelitos,6165b59ceb6eb980da286f0f,6165b59ceb6eb9128f286f6e,Mon Aug 30 2021 17:05:22 GMT+0000 (Coordinated Universal Time),Fri Oct 15 2021 17:31:49 GMT+0000 (Coordinated Universal Time),Fri Oct 15 2021 17:31:49 GMT+0000 (Coordinated Universal Time),https://uploads-ssl.webflow.com/60f71ede3d9e8d1b0cfcab02/6169baff20e2bb42c9c9999a_9780679890072%20copy.jpg,Sandra Cisneros,Terry Ybáñez,Penguin Random House,true,1994,978-0-679-89007-2,Parenting Magazine Best Children's Book of the Year,"This jewel-like vignette from Sandra Cisneros’s best-selling The House on Mango Street shows, through simple, intimate portraits, the diversity among us.",Picture Book,Bilingual,Liliana Valenzuela,spanish,primary-k-2,fiction,identity,,,<p>Traditional Bilingual</p>,,https://www.penguinrandomhouse.com/books/27838/hairspelitos-by-sandra-cisneros/,
Henry's First-Moon Birthday,henrys-first-moon-birthday,6165b59ceb6eb980da286f0f,6165b59ceb6eb97bef286f6f,Mon Aug 30 2021 17:05:22 GMT+0000 (Coordinated Universal Time),Mon Aug 30 2021 17:44:46 GMT+0000 (Coordinated Universal Time),,,Lenore Look,Yumi Heo,Atheneum Books for Young Readers,false,2001,9780689822940,,"Jenny's baby brother Henry is having his one-month birthday -- his first-moon, as it's called in Chinese. And even though Jenny's sure he doesn't deserve it -- all Henry does is sleep, eat, and cry -- there's a big celebration planned for him. Together, Jenny and her grandma get everything ready, from dyeing eggs a lucky red to preparing pigs' feet and ginger soup. And someday, when Henry's old enough to appreciate all her hard work, Jenny will tell him how lucky he was to have her in charge.",,,,,,,,,,,,,
Ho'onani Hula Warrior,hoonani-hula-warrior,6165b59ceb6eb980da286f0f,6165b59ceb6eb95fe5286fb8,Mon Aug 30 2021 17:05:22 GMT+0000 (Coordinated Universal Time),Wed Sep 15 2021 03:13:47 GMT+0000 (Coordinated Universal Time),Tue Oct 12 2021 16:19:59 GMT+0000 (Coordinated Universal Time),https://uploads-ssl.webflow.com/60f71ede3d9e8d1b0cfcab02/61416490ae67e9762d77e007_Ho%27onani%20Hula%20Warrior.jpg,Heather Gale,Mika Song,Tundra Books,true,2019,9780735264496,,"Based on a true story, Ho’onani: Hula Warrior is a celebration of Hawaiian culture and an empowering story of a girl who learns to lead and learns to accept who she really is–and in doing so, gains the respect of all those around her.",Picture Book,Interlingual,,hawaiian; english,primary-k-2; intermediate-3-6,fiction,culture; traditions-customs,,,,hawaiian,,
I love Saturdays y domingos,i-love-saturdays-y-domingos,6165b59ceb6eb980da286f0f,6165b59ceb6eb92dab286f70,Mon Aug 30 2021 17:05:23 GMT+0000 (Coordinated Universal Time),Mon Aug 30 2021 17:44:29 GMT+0000 (Coordinated Universal Time),,,,,,false,,,,,,,,,,,,,,,,,
Iguanas in the Snow and Other Winter Poems/Iguanas en la nieve y otros poemas de inviero,iguanas-in-the-snow-and-other-winter-poems-iguanas-en-la-nieve-y-otros-poemas-de-inviero,6165b59ceb6eb980da286f0f,6165b59ceb6eb97a85286f71,Mon Aug 30 2021 17:05:23 GMT+0000 (Coordinated Universal Time),Fri Sep 10 2021 14:56:13 GMT+0000 (Coordinated Universal Time),,,Francisco X. Alarcón,Maya Christina Gonzalez,Children's Book Press,false,2001,,2021 Phoenix Picture Book Honor Award,"In their final collection of seasonal poetry, poet Francisco X. Alarcón and artist Maya Christina Gonzalez invite us to celebrate winter—by the seashore, in the magic city of San Francisco, and in the ancient redwood forests of the Sierras.",,,,,,,,,,,,,
In My Family / En mi familia,in-my-family-en-mi-familia,6165b59ceb6eb980da286f0f,6165b59ceb6eb9d48d286f72,Mon Aug 30 2021 17:05:23 GMT+0000 (Coordinated Universal Time),Mon Aug 30 2021 17:43:44 GMT+0000 (Coordinated Universal Time),,,Carmen Lomas Garza,Carmen Lomas Garza,Lee & Low Books,false,1996,9780892391639,1997 Pura Belpré Illustrator Award Honor,"Through vibrant paintings and warm personal stories, Carmen brings to life more loving memories of growing up in a traditional Mexican American community: eating empanadas, witnessing the blessing on her cousin's wedding day, and dancing to the conjunto band at the neighborhood restaurant.",,,,,,,,,,,,,
Jalapeno Bagels,jalapeno-bagels,6165b59ceb6eb980da286f0f,6165b59ceb6eb96266286f73,Mon Aug 30 2021 17:05:23 GMT+0000 (Coordinated Universal Time),Mon Aug 30 2021 17:43:47 GMT+0000 (Coordinated Universal Time),,,Natasha Wing,Robert Casella,Atheneum Books for Young Readers,false,1996,9780689805301,1996 CBC/NCSS Notable Social Studies Trade Book,"While trying to decide what to take for his school's International Day, Pablo helps his Mexican mother and Jewish father at their bakery and discovers a food that represents both his parents' backgrounds.",,,,,,,,,,,,,
Julian is a Mermaid,julian-is-a-mermaid,6165b59ceb6eb980da286f0f,6165b59ceb6eb9db5d286f74,Mon Aug 30 2021 17:05:24 GMT+0000 (Coordinated Universal Time),Fri Oct 15 2021 17:02:00 GMT+0000 (Coordinated Universal Time),Fri Oct 15 2021 17:02:00 GMT+0000 (Coordinated Universal Time),https://uploads-ssl.webflow.com/60f71ede3d9e8d1b0cfcab02/6169b3bc89bb4c4cc795078e_Julian%20is%20a%20Mermaid.jpg,Jessica Love,Jessica Love,Candlewick Press,true,2018,9780763690458,"2019 Stonewall Award, 2019 Ezra Jack Keats New Writer/Illustrator Award Honor","While riding the subway home from the pool with his abuela one day, Julián notices three women spectacularly dressed up. Their hair billows in brilliant hues, their dresses end in fishtails, and their joy fills the train car. When Julián gets home, daydreaming of the magic he’s seen, all he can think about is dressing up just like the ladies in his own fabulous mermaid costume: a butter-yellow curtain for his tail, the fronds of a potted fern for his headdress. But what will Abuela think about the mess he makes — and even more importantly, what will she think about how Julián sees himself",Picture Book,Interlingual,,spanish,primary-k-2; intermediate-3-6,fiction,family; identity,,,<p>No Concurrent Translation</p>,,https://candlewick.com/essentials.asp?browse=format&mode=book&isbn=0763690457&bkview=ggvkugccg&pix=y,Publisher Guide
Kite Flying,kite-flying,6165b59ceb6eb980da286f0f,6165b59ceb6eb9458a286f75,Mon Aug 30 2021 17:05:24 GMT+0000 (Coordinated Universal Time),Mon Aug 30 2021 17:43:34 GMT+0000 (Coordinated Universal Time),,,Grace Lin*,,,false,,,,,,,,,,,,,,,,,
La Princesa and the Pea,la-princesa-and-the-pea,6165b59ceb6eb980da286f0f,6165b59ceb6eb9d4c6286f76,Mon Aug 30 2021 17:05:25 GMT+0000 (Coordinated Universal Time),Fri Oct 15 2021 16:57:14 GMT+0000 (Coordinated Universal Time),Fri Oct 15 2021 16:57:14 GMT+0000 (Coordinated Universal Time),https://uploads-ssl.webflow.com/60f71ede3d9e8d1b0cfcab02/6169b26c89cf61b1fa596861_La%20Princesa%20300.jpg,Susan Middleton Elya,Juana Martinez-Neal,G.P. Putnam’s Sons Books,false,2017,9780399251566,2018 Pura Belpré Medal for Illustration,"El príncipe knows this girl is the one for him, but, as usual, his mother doesn’t agree. The queen has a secret test in mind to see if this girl is really a princesa, but the prince might just have a sneaky plan, too . . . Readers will be enchanted by this Latino twist on the classic story, and captivated by the vibrant art inspired by the culture of Peru.",Picture Book,Interlingual,,spanish,primary-k-2,traditional-tale-folklore,folk-tales-fables,,,,,,
Laxmi's Mooch,laxmis-mooch,6165b59ceb6eb980da286f0f,6165b59ceb6eb96acb286fb4,Mon Aug 30 2021 17:05:25 GMT+0000 (Coordinated Universal Time),Fri Oct 15 2021 16:53:06 GMT+0000 (Coordinated Universal Time),Fri Oct 15 2021 16:53:06 GMT+0000 (Coordinated Universal Time),https://uploads-ssl.webflow.com/60f71ede3d9e8d1b0cfcab02/6141611cbd2a5093dc2b3e54_Laxmi%27s%20Mooch.jpg,Shelly Anand,Nabi H. Ali,Kolika,true,2021,978-1-9848-1565-1,,"Laxmi never paid much attention to the tiny hairs above her lip. But one day while playing farm animals at recess, her friends point out that her whiskers would make her the perfect cat. She starts to notice body hair all over–on her arms, legs, and even between her eyebrows. With her parents’ help, Laxmi learns that hair isn’t just for heads, but that it grows everywhere, regardless of gender. (publisher's summary)",Picture Book,Interlingual,,hindi,primary-k-2,fiction,family,,,<p>Author often folds English translations right into the main narrative/dialgoue.</p>,indian-hindi,,
Love as Strong as Ginger,love-as-strong-as-ginger,6165b59ceb6eb980da286f0f,6165b59ceb6eb9b2a8286f77,Mon Aug 30 2021 17:05:25 GMT+0000 (Coordinated Universal Time),Mon Aug 30 2021 17:42:53 GMT+0000 (Coordinated Universal Time),,,Lenore Look,Stephen T. Johnson,Atheneum Books for Young Readers,false,1999,9780689812484,,"Katie loves to show her grandma how to dress a Barbie...and GninGnin loves to show Katie how to make rice dumplings. More than anything, Katie longs to go with GninGnin to work, to crack a mountain of crabs alongside her at the crab cannery.
One day Katie gets her wish, but nothing is the way she'd imagined it. GninGnin swings a heavy mallet from sunup to sundown in a noisy, smelly room, earning barely enough for bus fare and a fish for dinner. That evening, when Katie eats the delicious meal that GninGnin has cooked -- ""made with love as strong as ginger and dreams as thick as black-bean paste"" -- she has a new understanding of her beloved grandma's hard life, and the sacrifices she's made to give her granddaughter a brighter future. (pub sum)",,,,,,,,,,,,,
Luis Paints the World,luis-paints-the-world,6165b59ceb6eb980da286f0f,6165b59ceb6eb98279286f78,Mon Aug 30 2021 17:05:26 GMT+0000 (Coordinated Universal Time),Fri Oct 15 2021 17:00:16 GMT+0000 (Coordinated Universal Time),Fri Oct 15 2021 17:00:16 GMT+0000 (Coordinated Universal Time),https://uploads-ssl.webflow.com/60f71ede3d9e8d1b0cfcab02/6169b31fea1b568232999ae2_luispaints.jpg,Terry Farish,Oliver Dominguez,Carolrhoda Books,false,2016,978-1-4677-5796-6,,"Luis wishes Nico wasn’t leaving for the Army. To show Nico he doesn’t need to go, Luis begins a mural on the alleyway wall. Their house, the river, the Parque de las Ardillas—it’s the world, all right there. Won’t Nico miss Mami’s sweet flan? What about their baseball games in the street? But as Luis awaits his brother’s return from duty, his own world expands as well, through swooping paint and the help of their bustling Dominican neighborhood.",Picture Book,Interlingual,,spanish,primary-k-2; intermediate-3-6,fiction,family,,,,,,
"Mango, Abuela, and Me",mango-abuela-and-me,6165b59ceb6eb980da286f0f,6165b59ceb6eb93206286f79,Mon Aug 30 2021 17:05:26 GMT+0000 (Coordinated Universal Time),Fri Oct 15 2021 16:36:55 GMT+0000 (Coordinated Universal Time),Fri Oct 15 2021 16:36:55 GMT+0000 (Coordinated Universal Time),https://uploads-ssl.webflow.com/60f71ede3d9e8d1b0cfcab02/6169ae21412374f1456d3396_MANGO_jacket_for_Meg-copy-768x906.jpg,Meg Medina,Angela Dominguez,Candlewick Press,false,2017,9780763695132,2016 Pura Belpré Honor for both literature and illustration; 2015 Cybils Fiction Picture Book Finalist,Mia doesn’t speak Spanish. Abuela doesn’t speak English. How can they get to know each other if they can’t communicate? It’s a spunky parrot named Mango to the rescue.,Picture Book,Interlingual,,spanish,primary-k-2,fiction,family,,,,,,
"Marta, Big and Small",marta-big-and-small,6165b59ceb6eb980da286f0f,6165b59ceb6eb90222286fbc,Mon Aug 30 2021 17:05:26 GMT+0000 (Coordinated Universal Time),Fri Sep 24 2021 16:40:45 GMT+0000 (Coordinated Universal Time),Tue Oct 12 2021 16:19:59 GMT+0000 (Coordinated Universal Time),https://uploads-ssl.webflow.com/60f71ede3d9e8d1b0cfcab02/614dfed6db3c4a37cf71b0cf_Marta%20Big%20%26%20Small.jpg,Jen Arena,Angela Dominguez,Roaring Brook Press,true,2016,9781626722439,,"Marta is una niña, an ordinary girl . . . with some extraordinary animal friends! As Marta explores the jungle, she knows she's bigger than a bug, smaller than an elephant, and faster than a turtle. But then she meets the snake, who thinks Marta is sabrosa—tasty, very tasty! But Marta is ingeniosa, a very clever girl, and she outsmarts the snake with hilarious results.",Picture Book,Interlingual,,spanish,primary-k-2,fiction,,,,,,,
Merci Suárez Changes Gears,merci-suarez-changes-gears,6165b59ceb6eb980da286f0f,6165b59ceb6eb9cf51286f7a,Mon Aug 30 2021 17:05:26 GMT+0000 (Coordinated Universal Time),Mon Aug 30 2021 17:42:07 GMT+0000 (Coordinated Universal Time),,,Meg Medina,,,false,,,Newbery Award,,,,,,,,,,,,,,
Mirror,mirror,6165b59ceb6eb980da286f0f,6165b59ceb6eb9fa84286f7b,Mon Aug 30 2021 17:05:27 GMT+0000 (Coordinated Universal Time),Mon Aug 30 2021 17:42:03 GMT+0000 (Coordinated Universal Time),,,,,,false,,,,,,,,,,,,,,,,,
Mommy's Khimar,mommys-khimar,6165b59ceb6eb980da286f0f,6165b59ceb6eb907b8286f7c,Mon Aug 30 2021 17:05:28 GMT+0000 (Coordinated Universal Time),Mon Aug 30 2021 17:41:58 GMT+0000 (Coordinated Universal Time),,,Jamilah Thompkins-Bigelow,Ebony Glenn,Salaam Reads / Simon & Schuster Books for Young Readers,false,2018,9781534400597,,"A young girl plays dress up with her mother’s headscarves, feeling her mother’s love with every one she tries on. Charming and vibrant illustrations showcase the beauty of the diverse and welcoming community in this portrait of a young Muslim American girl’s life. (pub summary)",,,,,,,,,,,,,
My Diary from here to There/Mi diario de aquí hasta allá,my-diary-from-here-to-there-mi-diario-de-aqui-hasta-alla,6165b59ceb6eb980da286f0f,6165b59ceb6eb9c43c286f7d,Mon Aug 30 2021 17:05:28 GMT+0000 (Coordinated Universal Time),Mon Aug 30 2021 17:41:55 GMT+0000 (Coordinated Universal Time),,,Amada Irma Pérez,Maya Christina Gonzalez,Lee & Low Books,true,2002,978-0-89239-230-8,Pura Belpré Honor Book,"One night, young Amada overhears her parents whisper of moving from Mexico to the other side of the border—to Los Angeles, where greater opportunity awaits. As she and her family make their journey north, Amada records her fears, hopes, and dreams for their lives in the United States in her diary. How can she leave her best friend behind? What if she can't learn English? What if her family never returns to Mexico? From Juárez to Mexicali to Tijuana to Los Angeles, Amada learns that with her family's love and her belief in herself, she can make any journey and weather any change—here, there, anywhere.",,,Consuelo Hernández,,,fiction,,,,<p>Bilingual with Other Language in the English Side Text</p>,,https://www.leeandlow.com/books/my-diary-from-here-to-there-mi-diario-de-aqui-hasta-alla,Publisher Guide
My Tata's Remedies,my-tatas-remedies,6165b59ceb6eb980da286f0f,6165b59ceb6eb92880286f7e,Mon Aug 30 2021 17:05:28 GMT+0000 (Coordinated Universal Time),Mon Aug 30 2021 17:41:51 GMT+0000 (Coordinated Universal Time),,,Romi Capin Rivera-Ashford,Antonio Castro L.,Cinco Punto Press,false,2015,,2016 Pura Belpre Illustrator Honor Book,A bilingual story of family and traditional wisdom: Tata teaches grandson Aaron natural remedies through healing neighbors and family. (publisher's summary),,,,,,fiction,,,,<p>What the author does to support the reader’s ability to translanguage.</p>,,,
Nino Wrestles the World,nino-wrestles-the-world,6165b59ceb6eb980da286f0f,6165b59ceb6eb91ac0286fbe,Mon Aug 30 2021 17:05:29 GMT+0000 (Coordinated Universal Time),Fri Sep 24 2021 18:14:27 GMT+0000 (Coordinated Universal Time),Tue Oct 12 2021 16:19:59 GMT+0000 (Coordinated Universal Time),https://uploads-ssl.webflow.com/60f71ede3d9e8d1b0cfcab02/614e142878f0b3a5bacff218_9781250062703.jpg,Yuyi Morales,,Square Fish,false,2015,9781250062703,"2016 Pura Belpre Illustrator Award, 2016 Charlotte Zolotow Award","Señoras y señores, put your hands together for the fantastic, spectacular, one of a kind . . . Niño! Fwap! Slish! Bloop! Krunch! He takes down his competition in a single move! No opponent is too big a challenge for the cunning skills of Niño—popsicle eater, toy lover, somersault expert, and world champion lucha libre competitor! Niño Wrestles the World is in English with Spanish vocabulary, and is a fun, colorful story about a boy wrestling with imaginary monsters (including an Olmec Head and La Llorona) and adversaries like his younger sisters. This is a joyful picture book about imagination, play, and siblings. (publisher's summary)",Picture Book,Interlingual,,spanish,primary-k-2,fiction,culture; family; folk-tales-fables,,,<p>Comprehensive Text and Illustration Integration</p>,,,
Olinguito,olinguito,6165b59ceb6eb980da286f0f,6165b59ceb6eb91369286fbd,Mon Aug 30 2021 17:05:29 GMT+0000 (Coordinated Universal Time),Fri Sep 24 2021 16:45:50 GMT+0000 (Coordinated Universal Time),Tue Oct 12 2021 16:19:59 GMT+0000 (Coordinated Universal Time),https://uploads-ssl.webflow.com/60f71ede3d9e8d1b0cfcab02/614dffe756a837a71643ec6e_olinguito.jpg,Lulu Delacre,,Lee & Low Books,false,2016,9780892393275,2017 Orbis Pictus Honor,"With lyrical text in both Spanish and English, we travel to the magical world of a cloud forest in the Andes of Ecuador. We discover the bounty of plants, animals, and other organisms that live there as we help a zoologist look for the elusive olinguito, the first new mammal species identified in the Americas since 1978. Not your usual ABC book, the alphabet is an organizing feature to introduce children to rich vocabulary as they learn about a unique environment. Thoroughly researched and exquisitely illustrated with colorful, realistic images, the book is a visual delight while it provides a wealth of information. Backmatter includes articles about cloud forests and the discovery of the olinguito in 2013, and an extensive glossary with the scientific names of the species pictured. This is a unique book to treasure on many levels. (pub summary)",Picture Book,Bilingual,,spanish,primary-k-2; intermediate-3-6,non-fiction,animals,,,,,https://www.leeandlow.com/books/olinguito-de-la-a-a-la-z-descubriendo-el-bosque-nublado-olinguito-from-a-to-z-unveiling-the-cloud-forest,Teaching Guides and Activity Kit
Other Words for Home,other-words-for-home,6165b59ceb6eb980da286f0f,6165b59ceb6eb9707b286f7f,Mon Aug 30 2021 17:05:29 GMT+0000 (Coordinated Universal Time),Mon Aug 30 2021 17:41:41 GMT+0000 (Coordinated Universal Time),,,Jasmine Warga,,,false,,,Newbery Honor,,,,,,,,,,,,,,
Pancho Rabbit and the Coyote,pancho-rabbit-and-the-coyote,6165b59ceb6eb980da286f0f,6165b59ceb6eb9b2f0286f8b,Mon Aug 30 2021 17:05:29 GMT+0000 (Coordinated Universal Time),Mon Aug 30 2021 17:41:40 GMT+0000 (Coordinated Universal Time),,,Duncan Tonatiuh,,,false,,,Tomás Rivera Mexican American Children’s Book Award,,,,,,,,,,,,,,
Playing Lotería/El juego de Lotería,playing-loteria-el-juego-de-loteria,6165b59ceb6eb980da286f0f,6165b59ceb6eb908a4286faa,Tue Jul 20 2021 19:14:54 GMT+0000 (Coordinated Universal Time),Tue Sep 07 2021 00:54:07 GMT+0000 (Coordinated Universal Time),Tue Oct 12 2021 16:19:59 GMT+0000 (Coordinated Universal Time),https://uploads-ssl.webflow.com/60f71ede3d9e8d1b0cfcab02/60f7208caf69294b2f90abe1_Rene%CC%81%20Colato%20Lai%CC%81nez.jpg,René Colato Laínez,Jill Arena,Luna Rising/ Rising Moon,true,2005,13: 978-0-87358-919-2,,"A boy has a good time attending a fair with his grandmother in San Luis de La Paz, Mexico, as she teaches him Spanish words and phrases and he teaches her English. (Library of Congress summary)",Picture Book,Bilingual,Translated by Straight Line Editorial Department,english; spanish,primary-k-2,fiction,family; traditions-customs,"<p><strong>CCSS.ELA-LITERACY.RL.2.6</strong>‍</p><p>Acknowledge differences in the points of view of characters, including by speaking in a different voice for each character when reading dialogue aloud.<strong>‍</strong></p><p><strong>MA History and Social Science Framework</strong></p><p><strong>2.T41.</strong> Recognize the difference between physical geography and political geography.<strong>‍</strong></p><p><strong>2T4.2.</strong> Explain the characteristics of a country.</p>","<p>ELD-SI.K-3.Narrate</p><p>Share ideas about one’s own and others’ lived experiences and previous learning. (Miguel=my little brother=he; that night=the worst night) Word choices to convey attitudes, develop suspense, share excitement (my amazing adventure, super interesting, fantastic!)</p><p>Connectors to sequence time (first, next, and then) and events (before, after, later), and to combine and link event details (and, but, so)</p>",<p>Bilingual with Other Language in the English Side Text</p>,mexican-american,,
Ruby's Wish,rubys-wish,6165b59ceb6eb980da286f0f,6165b59ceb6eb9703f286f8c,Mon Aug 30 2021 17:05:29 GMT+0000 (Coordinated Universal Time),Mon Aug 30 2021 17:41:28 GMT+0000 (Coordinated Universal Time),,,Shirin Yim Bridges,Sophie Black,Chronicle Books,false,2002,9781452145693,,"Ruby is unlike most little girls in old China. Instead of aspiring to get married, Ruby is determined to attend university when she grows up, just like the boys in her family. Based upon the inspirational story of the author's grandmother and accompanied by richly detailed illustrations, Ruby's Wish is an engaging portrait of a young girl who's full of ambition and the family who rewards her hard work and courage.",,,,,,,,,,,,,
Separate is Never Equal,separate-is-never-equal,6165b59ceb6eb980da286f0f,6165b59ceb6eb9e0a8286f8d,Mon Aug 30 2021 17:05:30 GMT+0000 (Coordinated Universal Time),Fri Oct 15 2021 16:52:36 GMT+0000 (Coordinated Universal Time),Fri Oct 15 2021 16:54:37 GMT+0000 (Coordinated Universal Time),https://uploads-ssl.webflow.com/60f71ede3d9e8d1b0cfcab02/6169b0872af9d8e54139d931_Separate.jpg,Duncan Tonatiuh,Duncan Tonatiuh,Abrams Books for Young Readers,false,2014,978-1-4197-1054-4,"2015 Pura Belpré Illustrator Honor Book, 2015 Robert F. Sibert Honor Book, Tomás Rivera Mexican American Children’s Book Award","When her family moved to the town of Westminster, California, young Sylvia Mendez was excited about enrolling in her neighborhood school. But she and her brothers were turned away and told they had to attend the Mexican school instead. Sylvia could not understand why—she was an American citizen who spoke perfect English. Why were the children of Mexican families forced to attend a separate school? Unable to get a satisfactory answer from the school board, the Mendez family decided to take matters into its own hands and organize a lawsuit.",Picture Book,Interlingual,,spanish,intermediate-3-6,non-fiction,history; school,,,,mexican-american; mexican,https://www.abramsbooks.com/product/separate-is-never-equal_9781419710544/,
Side by Side/Lado a lado: The Story of Dolores Huerta and Cesar Chavez/La historia de Dolores Huerta y Cesar Chavez,side-by-side-lado-a-lado-the-story-of-dolores-huerta-and-cesar-chavez-la-historia-de-dolores-huerta-y-cesar-chavez,6165b59ceb6eb980da286f0f,6165b59ceb6eb93c0d286f8e,Mon Aug 30 2021 17:05:30 GMT+0000 (Coordinated Universal Time),Mon Aug 30 2021 17:41:20 GMT+0000 (Coordinated Universal Time),,,Monica Brown,Joe Cepeda,HarperCollins Espanol,false,2020,978-0061227820,,"Every day, thousands of farmworkers harvested the food that ended up on kitchen tables all over the country. But at the end of the day, when the workers sat down to eat, there were only beans on their own tables. Then Dolores Huerta and Cesar Chavez teamed up. Together they motivated the workers to fight for their rights and, in the process, changed history.",,,,,,biography,,,,,,,
Somos como las nubes,somos-como-las-nubes,6165b59ceb6eb980da286f0f,6165b59ceb6eb94667286f8f,Mon Aug 30 2021 17:05:30 GMT+0000 (Coordinated Universal Time),Fri Oct 15 2021 17:11:46 GMT+0000 (Coordinated Universal Time),Fri Oct 15 2021 17:11:46 GMT+0000 (Coordinated Universal Time),https://uploads-ssl.webflow.com/60f71ede3d9e8d1b0cfcab02/6169b6185bf3e108f6ee51d0_51I7pOeyTeL._SX451_BO1%2C204%2C203%2C200_.jpg,Jorge Argueta,Alfonso Ruano,Groundwood Books,false,2016,9781554988495,,"This powerful book by award-winning Salvadoran poet Jorge Argueta describes the terrible process that leads young people to undertake the extreme hardships and risks involved in the journey to what they hope will be a new life of safety and opportunity. A refugee from El Salvador’s war in the eighties, Argueta was born to explain the tragic choice confronting young Central Americans today who are saying goodbye to everything they know because they fear for their lives. This book brings home their situation and will help young people who are living in safety to understand those who are not. (publisher's summary)",Picture Book,Bilingual,Elisa Amado,spanish,primary-k-2; intermediate-3-6; middle-school,poetry,relocation,,,,,,
Sonia Sotomayor: A judge grows in the Bronx/la juez que creció en el Bronx,sonia-sotomayor-a-judge-grows-in-the-bronx-la-juez-que-crecio-en-el-bronx,6165b59ceb6eb980da286f0f,6165b59ceb6eb946d2286fb1,Mon Aug 16 2021 20:36:18 GMT+0000 (Coordinated Universal Time),Tue Sep 07 2021 00:54:32 GMT+0000 (Coordinated Universal Time),Tue Oct 12 2021 16:19:59 GMT+0000 (Coordinated Universal Time),https://uploads-ssl.webflow.com/60f71ede3d9e8d1b0cfcab02/611acad16b7b465baa75fcef_Sonia%20Sotomayor-%20A%20judge%20grows%20in%20the%20Bronx%20la%20juez%20que%20crecio%CC%81%20en%20el%20Bronx.jpg,Jonah Winter,Edel Roriguez,Simon & Schuster,true,2009,978-1-4424-0303-1,Americas Award Commended Title,"Before Supreme Court Justice Sonia Sotomayor took her seat in our nation's highest court, she was just a little girl in the South Bronx. Justice Sotomayor didn't have a lot growing up, but she had what she needed -- her mother's love, a will to learn, and her own determination. With bravery she became the person she wanted to be. With hard work she succeeded. With little sunlight and only a modest plot from which to grow, Justice Sotomayor bloomed for the whole world to see.",Picture Book,Bilingual,Argentina Palacios Ziegler,english; spanish,primary-k-2,biography,culture,,,<p>Bilingual with Other Language in the English Side Text</p>,puerto-rican,https://www.simonandschuster.com/books/Sonia-Sotomayor/Jonah-Winter/9781442403031,Publisher Guide
Stolen Words,stolen-words,6165b59ceb6eb980da286f0f,6165b59ceb6eb9a84c286f90,Mon Aug 30 2021 17:05:30 GMT+0000 (Coordinated Universal Time),Mon Aug 30 2021 17:41:15 GMT+0000 (Coordinated Universal Time),,,Melanie Florence,Gabrielle Grimard,Second Story Press,false,2017,9781772600377,"2018 Ruth and Sylvia Schwartz Children’s Book Award, 2018 - Marilyn Baillie Picture Book Award - CCBC's TD Canadian Children's Book Awards - Finalist","The story of the beautiful relationship between a little girl and her grandfather. When she asks her grandfather how to say something in his language – Cree – he admits that his language was stolen from him when he was a boy. The little girl then sets out to help her grandfather find his language again. This sensitive and warmly illustrated picture book explores the intergenerational impact of the residential school system that separated young Indigenous children from their families. The story recognizes the pain of those whose culture and language were taken from them, how that pain is passed down, and how healing can also be shared.",,,,,,,,,,,,,
That's not fair! Emma Tenayuca's struggle for justice/¡No es justo! La lucha de Emma Tenayuca por la justicia,thats-not-fair-emma-tenayucas-struggle-for-justice-no-es-justo-la-lucha-de-emma-tenayuca-por-la-justicia,6165b59ceb6eb980da286f0f,6165b59ceb6eb976f1286f91,Mon Aug 30 2021 17:05:31 GMT+0000 (Coordinated Universal Time),Mon Aug 30 2021 17:41:11 GMT+0000 (Coordinated Universal Time),,,Carmen Tafolla & Sharyll Teneyuca,Terry Ybáñez,Wings Press,true,2008,13: 978-0-916727-33-8,,"A vivid depiction of the early injustices encountered by a young Mexican-American girl in San Antonio in the 1920's, this book tells the true story of Emma Tenayuca. Emma learns to care deeply about poverty and hunger during a time when many Mexican Americans were starving to death and working unreasonably long hours at slave wages in the city's pecan-shelling factories. Through astute perception, caring, and personal action, Emma begins to get involved, and eventually, at the age of 21, leads 12,000 workers in the first significant historical action in the Mexican-American struggle for justice. Emma Tenayuca's story serves as a model for young and old alike about courage, compassion, and the role everyone can play in making the world more fair.",,,Carmen Tafolla,,,biography,,,,<p>Traditional Bilingual with Other Language in Illustrations</p>,,https://www.ipgbook.com/that-s-not-fair------no-es-justo--products-9780916727338.php,Publisher Guide
The Princess and the Warrior,the-princess-and-the-warrior,6165b59ceb6eb980da286f0f,6165b59ceb6eb947cc286f92,Mon Aug 30 2021 17:05:31 GMT+0000 (Coordinated Universal Time),Mon Aug 30 2021 17:41:08 GMT+0000 (Coordinated Universal Time),,,Duncan Tonatiuh,,,false,,,,,,,,,,,,,,,,,
The Rooster Who Would Not Be Quiet!,the-rooster-who-would-not-be-quiet,6165b59ceb6eb980da286f0f,6165b59ceb6eb964f2286f93,Mon Aug 30 2021 17:05:31 GMT+0000 (Coordinated Universal Time),Mon Aug 30 2021 17:41:05 GMT+0000 (Coordinated Universal Time),,,Carmen Agra Deedy,Eugene Yelchin,Scholastic,false,2017,9781338173123,,"La Paz is a happy, but noisy village. A little peace and quiet would make it just right. So the villagers elect the bossy Don Pepe as their mayor. Before long, singing of any kind is outlawed. Even the teakettle is afraid to whistle! But there is one noisy rooster who doesn't give two mangos about this mayor's silly rules. Instead, he does what roosters were born to do. He sings: ""Kee-kee-ree-KEE!"" The silenced populace, invigorated by the rooster's bravery, ousts the tyrannical mayor and returns their city to its free and clamorous state.",,,,,,,,,,,,,
The ugly Vegetables,the-ugly-vegetables,6165b59ceb6eb980da286f0f,6165b59ceb6eb903fe286f94,Mon Aug 30 2021 17:05:32 GMT+0000 (Coordinated Universal Time),Mon Aug 30 2021 17:41:02 GMT+0000 (Coordinated Universal Time),,,Grace Lin*,,,false,,,,,,,,,,,,,,,,,
The Upside Down Boy/El niño de cabeza,the-upside-down-boy-el-nino-de-cabeza,6165b59ceb6eb980da286f0f,6165b59ceb6eb9bce1286f95,Mon Aug 30 2021 17:05:32 GMT+0000 (Coordinated Universal Time),Mon Aug 30 2021 17:40:59 GMT+0000 (Coordinated Universal Time),,,Juan Felipe Herrera,Elizabeth Gómez,Lee & Low Books,true,2000,978-0-89239-217-9,,"The Upside Down Boy is award-winning poet Juan Felipe Herrera's engaging memoir of the year his migrant family settled down so that he could go to school for the first time. Juanito is bewildered by the new school, and he misses the warmth of country life. Everything he does feels upside down. He eats lunch when it's recess; he goes out to play when it's time for lunch; and his tongue feels like a rock when he tries to speak English. But a sensitive teacher and loving family help him to find his voice and make a place for himself in this new world through poetry, art, and music. Juan Felipe Herrera's playful language and the colorful, magical art of Elizabeth Gómez capture the universal experience of children entering a new school feeling like strangers in a world that seems upside down-at first.",,,,,,fiction,,"<p>CCSS.ELA-LITERACY.RL.2.6Acknowledge differences in the points of view of characters, including by speaking in a different voice for each character when reading dialogue aloud. MA History and Social Science Framework 2.T41. Recognize the difference between physical geography and political geography. 2T4.2. Explain the characteristics of a country.</p>",<p>ELD-SI.K-3.Narrate  ●Share ideas about one’s own and others’ lived experiences and previous learning                                                                       Engage and adjust for audience through…■Language to address reader/listener and draw them in (It was so exciting!)</p>,<p>Bilingual with Other Language in the English Side Text</p>,,https://www.leeandlow.com/books/the-upside-down-boy-el-nino-de-cabeza,Publisher Guide
Those Shoes,those-shoes,6165b59ceb6eb980da286f0f,6165b59ceb6eb978e2286f96,Mon Aug 30 2021 17:05:32 GMT+0000 (Coordinated Universal Time),Mon Aug 30 2021 17:40:55 GMT+0000 (Coordinated Universal Time),,,,,,false,,,,,,,,,,,,,,<p>Variety of English dialects -</p>,,,
Tortillas and Lullabies/Tortillas y cancioncitas,tortillas-and-lullabies-tortillas-y-cancioncitas,6165b59ceb6eb980da286f0f,6165b59ceb6eb97a74286f97,Mon Aug 30 2021 17:05:32 GMT+0000 (Coordinated Universal Time),Mon Aug 30 2021 17:40:52 GMT+0000 (Coordinated Universal Time),,,Lynn Reiser,Corazones Valientes,Harper Collins,true,1998,978-0-688-14628-3,Parents' Choice Silver Honor,"From great-grandmother to grandmother to mother to daughter, four generations embrace family tradition in slightly different ways. But one thing never changes: the love they have for one another.",,,,,,fiction,,"<p>CCSS.ELA-LITERACY.RL.K.7With prompting and support, describe the relationship between illustrations and the story in which they appear (e.g., what moment in a story an illustration depicts). CCSS.ELA-LITERACY.RL.K.9With prompting and support, compare and contrast the adventures and experiences of characters in familiar stories.  MA History and Social Science Framework K.T3.2 Contrast and compare traditions and celebrations of peoples with diverse cultural backgrounds.</p>","<p>Describe story events through… ■Verbs to describe character actions (jumped), feelings (was sad), behaviors (eating) Orient audience to story through…■Pictures, words, title, simple statements, or common story expressions to introduce context</p>",<p>Traditional Bilingual with Other Language in Illustrations</p>,,https://www.harpercollins.com/products/tortillas-and-lullabiestortillas-y-cancioncitas-lynn-reiser?variant=32116575272994,Publisher Guide
Uncle Peter's Amazing Chinese Wedding,uncle-peters-amazing-chinese-wedding,6165b59ceb6eb980da286f0f,6165b59ceb6eb9c9a6286f98,Mon Aug 30 2021 17:05:33 GMT+0000 (Coordinated Universal Time),Mon Aug 30 2021 17:40:49 GMT+0000 (Coordinated Universal Time),,,Lenore Look,Yumi Heo,Atheneum Books for Young Readers,false,2006,9780689844584,,"Jenny's favorite uncle, Peter, is getting married, and everyone is happy happy -- everyone, that is, except Jenny. While her family runs about getting ready for the traditional Chinese wedding -- preparing for the tea ceremony, exchanging good-luck money called hungbau, helping the bride with her many dresses -- Jenny is crying on the inside. How is she supposed to still be Uncle Peter's number-one girl, with her new aunt Stella around? Maybe if she can stop the day's events from happening, he won't get married at all...",,,,,,,,,,,,,
Vamos! Let's Go Eat,vamos-lets-go-eat,6165b59ceb6eb980da286f0f,6165b59ceb6eb966e9286f99,Mon Aug 30 2021 17:05:33 GMT+0000 (Coordinated Universal Time),Mon Aug 30 2021 17:40:46 GMT+0000 (Coordinated Universal Time),,,Raul the Third,Raul the Third,Versify,false,2020,,2021 Pura Belpré Illustrator Medal,"Little Lobo is excited to take in a show with wrestling star El Toro in his bustling border town. After getting lunch orders from The Bull and his friends to help prepare for the event, Little Lobo takes readers on a tour of food trucks that sell his favorite foods, like quesadillas with red peppers and Mexican-Korean tacos. (pub summary)",,,,,,,,,,,,,
Vamos! Let's Go to the Market,vamos-lets-go-to-the-market,6165b59ceb6eb980da286f0f,6165b59ceb6eb9387d286fb2,Mon Aug 30 2021 17:05:33 GMT+0000 (Coordinated Universal Time),Wed Sep 15 2021 02:44:44 GMT+0000 (Coordinated Universal Time),Tue Oct 12 2021 16:19:59 GMT+0000 (Coordinated Universal Time),https://uploads-ssl.webflow.com/60f71ede3d9e8d1b0cfcab02/61415cdba1160c35069e05a7_Vamos%20Let%27s%20Go%20to%20the%20Market.jpg,Raul the Third,,Versify,false,2019,9781328557261 ,2021 Pura Belpré Illustrator Medal,"Richard Scarry’s Busytown gets a Mexican-American makeover in the marketplace of a buzzing border town from Pura Belpré Medal-winning illustrator Raúl the Third. . . . [T]his paper over board book teaches readers simple words in Spanish as they experience the bustling life of a border town. Follow Little Lobo and his dog Bernabe as they deliver supplies to a variety of vendors, selling everything from sweets to sombreros, portraits to piñatas, carved masks to comic books!",Picture Book,Interlingual,,spanish; english,primary-k-2; intermediate-3-6,fiction,culture; food,,,,mexican,,
Viva Frida,viva-frida,6165b59ceb6eb980da286f0f,6165b59ceb6eb92c3a286f9a,Mon Aug 30 2021 17:05:33 GMT+0000 (Coordinated Universal Time),Mon Aug 30 2021 17:40:40 GMT+0000 (Coordinated Universal Time),,,,,,false,,,,,,,,,,,,,,,,,
We Are Grateful: Otsaliheliga,we-are-grateful-otsaliheliga,6165b59ceb6eb980da286f0f,6165b59ceb6eb916a0286fb3,Mon Aug 30 2021 17:05:34 GMT+0000 (Coordinated Universal Time),Wed Sep 15 2021 15:03:54 GMT+0000 (Coordinated Universal Time),Tue Oct 12 2021 16:19:59 GMT+0000 (Coordinated Universal Time),https://uploads-ssl.webflow.com/60f71ede3d9e8d1b0cfcab02/61415e37733bcb629291dab8_WeAreGrateful.jpg,Traci Sorell,Frané Lessac,Charlesbridge,true,2018,9781580897723,"2019 Sibert Honor Book, 2019 Orbis Pictus Honor Book","The word otsaliheliga (oh-jah-LEE-hay-lee-gah) is used by members of the Cherokee Nation to express gratitude. Beginning in the fall with the new year and ending in summer, follow a full Cherokee year of celebrations and experiences. Written by a citizen of the Cherokee Nation, this look at one group of Native Americans is appended with a glossary and the complete Cherokee syllabary, originally created by Sequoyah.",Picture Book,Interlingual,,cherokee-tsalagi,primary-k-2; intermediate-3-6,non-fiction,culture; traditions-customs,"<p><strong>CCSS.ELA-LITERACY.RL.2.6</strong>‍</p><p>Acknowledge differences in the points of view of characters, including by speaking in a different voice for each character when reading dialogue aloud.</p>",,<p>Concurrent Translation</p>,native-american-first-nations,,
What can you do with a paleta?,what-can-you-do-with-a-paleta,6165b59ceb6eb980da286f0f,6165b59ceb6eb94496286f9b,Mon Aug 30 2021 17:05:34 GMT+0000 (Coordinated Universal Time),Mon Aug 30 2021 17:40:34 GMT+0000 (Coordinated Universal Time),,,Carmen Tafolla,Magaly Morales,Penguin Random House,true,2009,9781582462219,Tomás Rivera Mexican American Children’s Book Award,"As she strolls through her barrio, a young girl introduces readers to the frozen, fruit-flavored treat that thrills Mexican and Mexican-American children. In this bilingual paperback edition, discover the joys of a paleta—the traditional Mexican popsicle treat sold from the wagon with the tinkly bell that brings children running from every direction. Create a masterpiece, make tough choices (strawberry or coconut?), or cool off on a warm summer’s day–there’s so much to do with a paleta.",,,,,,fiction,,,,<p>Bilingual with Other Language in the English Side Text</p>,,https://www.penguinrandomhouse.com/books/198253/que-puedes-hacer-con-una-paleta-what-can-you-do-with-a-paleta-spanish-edition--by-carmen-tafolla-illustrated-by-magaly-morales/,Publisher Guide
What can you do with a rebozo? /¿Qué puedes hacer con un rebozo?,what-can-you-do-with-a-rebozo-que-puedes-hacer-con-un-rebozo,6165b59ceb6eb980da286f0f,6165b59ceb6eb91e9b286f9c,Mon Aug 30 2021 17:05:34 GMT+0000 (Coordinated Universal Time),Mon Aug 30 2021 17:17:20 GMT+0000 (Coordinated Universal Time),,,Carmen Tafolla,Amy Córdova,Tricycle Press,true,2008,978-1-5th 8246-271-4,,"A cradle for baby, a superhero’s cape, a warm blanket on a cool night–there are so many things you can do with a rebozo. Through the eyes of a young girl, readers are introduced to the traditional shawl found in many Mexican and Mexican-American households. Now in an English/Spanish bilingual edition, the lively rhyme and brightly-colored illustrations of the original are available to a whole new audience.",,,Aurora Hernandez,,,fiction,,<p>MA History and Social Science Framework K.T3.2 Contrast and compare traditions and celebrations of peoples with diverse cultural backgrounds. CCSS.ELA-LITERACY.RF.K.2.ARecognize and produce rhyming words.</p>,"<p>ELD-SI.K-3.Narrate  ●Share ideas about one’s own and others’ lived experiences and previous learning  ●Connect stories with images and representations to add meaning                                                                Orient audience to story through…■Prepositional phrases to specify location and time (at Grandma’s house, by the river; in the winter, at night) Describe story events through…                                            ■Pronouns and renaming to reference a character across the text (the girl=she=Nancy)</p>",<p>Bilingual with Other Language in the English Side Text</p>,,https://www.penguinrandomhouse.com/books/198077/what-can-you-do-with-a-rebozo--que-puedes-hacer-con-un-rebozo-by-carmen-tafolla/,Publisher Guide
When We Were Alone,when-we-were-alone,6165b59ceb6eb980da286f0f,6165b59ceb6eb92869286f9d,Mon Aug 30 2021 17:05:34 GMT+0000 (Coordinated Universal Time),Mon Aug 30 2021 17:40:31 GMT+0000 (Coordinated Universal Time),,,David A. Robertson,Julie Flett,HighWater Press,false,2016,,"2017 Governor General's Literary Award in the Young People's Literature, McNally Robinson Book for Young People Award","When a young girl helps tend to her grandmother’s garden, she begins to notice things that make her curious. Why does her grandmother have long, braided hair and beautifully coloured clothing? Why does she speak another language and spend so much time with her family? As she asks her grandmother about these things, she is told about life in a residential school a long time ago, where all of these things were taken away. When We Were Alone is a story about a difficult time in history, and, ultimately, one of empowerment and strength. (publisher's summary)",,,,,,fiction,,,,,,,
Yo Soy Muslim: A Father's Letter to His Daughter,yo-soy-muslim-a-fathers-letter-to-his-daughter,6165b59ceb6eb980da286f0f,6165b59ceb6eb9bded286f9e,Mon Aug 30 2021 17:05:34 GMT+0000 (Coordinated Universal Time),Mon Aug 30 2021 17:40:26 GMT+0000 (Coordinated Universal Time),,,Mark Gonzales,Mehrdokht Amini,Salaam Reads,false,2017,,"CBC/NCSS Notable Social Studies Trade Book, ILA Notable Books for a Global Society, NCTE Notable Children's Books in the Language Arts","Written as a letter from a father to his daughter, Yo Soy Muslim is a celebration of social harmony and multicultural identities. The vivid and elegant verse, accompanied by magical and vibrant illustrations, highlights the diversity of the Muslim community as well as Indigenous identity. (publisher's summary)",,,n/a,,,fiction,,,,<p>What the bilingual characters in the text do with language. [Translanguaging in dialogue; Translanguaging in narration]</p>,,,
